<?xml version="1.0" encoding="UTF-8"?>
<project-private xmlns="http://www.netbeans.org/ns/project-private/1">
    <editor-bookmarks xmlns="http://www.netbeans.org/ns/editor-bookmarks/2" lastBookmarkId="0"/>
    <open-files xmlns="http://www.netbeans.org/ns/projectui-open-files/2">
        <group>
            <file>file:/home/adam/windowsdata/Client%20Data/Bioline/Design/Software/PIC32/Freezer/src/freezer_i2c.h</file>
            <file>file:/home/adam/windowsdata/Client%20Data/Bioline/Design/Software/PIC32/Freezer/src/config/pic32mk_gp_db/definitions.h</file>
            <file>file:/home/adam/windowsdata/Client%20Data/Bioline/Design/Software/PIC32/Freezer/src/bq25731_driver.c</file>
            <file>file:/home/adam/windowsdata/Client%20Data/Bioline/Design/Software/PIC32/Freezer/src/bq25731_driver.h</file>
            <file>file:/home/adam/windowsdata/Client%20Data/Bioline/Design/Software/PIC32/Freezer/src/config/pic32mk_gp_db/peripheral/dmac/plib_dmac.c</file>
            <file>file:/home/adam/windowsdata/Client%20Data/Bioline/Design/Software/PIC32/Freezer/src/bq25731_sm.c</file>
            <file>file:/home/adam/windowsdata/Client%20Data/Bioline/Design/Software/PIC32/Freezer/src/config/pic32mk_gp_db/initialization.c</file>
            <file>file:/home/adam/windowsdata/Client%20Data/Bioline/Design/Software/PIC32/Freezer/src/config/pic32mk_gp_db/peripheral/tmr/plib_tmr2.h</file>
            <file>file:/home/adam/windowsdata/Client%20Data/Bioline/Design/Software/PIC32/Freezer/src/main.c</file>
            <file>file:/home/adam/windowsdata/Client%20Data/Bioline/Design/Software/PIC32/Freezer/src/config/pic32mk_gp_db/peripheral/gpio/plib_gpio.h</file>
            <file>file:/home/adam/windowsdata/Client%20Data/Bioline/Design/Software/PIC32/Freezer/src/config/pic32mk_gp_db/peripheral/evic/plib_evic.c</file>
            <file>file:/home/adam/windowsdata/Client%20Data/Bioline/Design/Software/PIC32/Freezer/src/config/pic32mk_gp_db/peripheral/gpio/plib_gpio.c</file>
            <file>file:/home/adam/windowsdata/Client%20Data/Bioline/Design/Software/PIC32/Freezer/src/freezer_i2c.c</file>
        </group>
    </open-files>
</project-private>
