{
	"metaDataVersion": "1.0.0",
	"category": "com.microchip.ide.project",
	"content": {
		"metaDataVersion": "1.1.0",
		"name": "com.microchip.mcu32.mplabx.project.MPLAB-Harmony-Reference-Apps_pic32mk_getting_started",
		"version": "1.5.0",
		"displayName": "Getting Started Application on PIC32MK General Purpose (GP) Development Kit",
		"projectName": "getting_started_pic32mk_gp_db",
		"shortDescription": "Demonstrates how to get started using the basic peripherals like UART, SPI, Timer, Core Timer, DMA and GPIOs",
		"ide": {
			"name": "MPLABX",
			"semverRange": ">=6.00"
		},
		"compiler": [
			{
				"name": "XC32",
				"semverRange": ">=4.0.0"
			}
		],
		"dfp": {
			"name": "PIC32MK-GP_DFP",
			"semverRange": "^1.6.144"
		},
		"configurator": {
			"name": "MCC",
			"semverRange": ">=5.1.4"
		},
		"device": {
			"metaDataVersion": "1.0.0",
			"category": "com.microchip.portal.contentRef",
			"content": {
				"metaDataVersion": "1.0.0",
				"category": "com.microchip.device",
				"name": "PIC32MK1024GPE100",
				"versionRange": "*"
			}
		},
		"author": "Microchip",
		"subcategories": [
			[
				"Development Kit", "PIC32MK GP Development Kit"
			],
			[
				"Harmony", "Reference Apps"
			]			
		],
		"peripherals": [
			"UART", "SPI", "Timer", "Core Timer", "GPIO", "DMA"
		],
		"keywords": [
			"MHC",
			"MCC",
			"Harmony",
			"PIC32MK1024GPE100",
			"PIC32MK Family",
			"UART",
			"Serial Communication",
			"USART",
			"SERCOM",
			"FLEXCOM",
			"Getting Started",
			"SPI",
			"Timer",
			"Core Timer",
			"GPIO",
			"DMA",
			"Weather",
			"Click"
		],
		"additionalData": {
			"longDescription": {
				"metaDataVersion": "1.0.0",
				"category": "com.microchip.portal.fileRef",
				"content": {
					"metaDataVersion": "1.0.0",
					"fileName": "./../../readme.md",
					"mimeType": "text/markdown"
				}
			}
		}
	}
}
